sentence,head,tail,relation_predicted,relation_true,correct_detailed,relation_true_simplified,relation_predicted_simplified,correct_simplified
"Sater sent a link to LSR Group, one of Russia's largest construction companies and a major real estate developer.",Sater,Michael Cohen,none,neutral2,False,neutral,none,False
"Papadopoulos engaged both Polonskaya and Timofeev, along with Mifsud, as part of his outreach to Russia.",Papadopoulos,Russia,none,positive1,False,positive,none,False
"Cohen recalled Trump rhetorically asking him ""[h]ow stupid is Barack Obama not to meet with Putin when he's here?""",Trump,Barack Obama,negative1,negative1,True,negative,negative,True
"The first set of GRU-controlled computers, known by the GRU as ""middle servers,"" sent and received messages to and from malware on the DNC/DCCC networks.",GRU,DCCC,neutral2,negative1,False,negative,neutral,False
"And mob boss John Gotti, Levine said, hosted a huge Christmas bash in 1988 at the El Caribe.",John Gotti,El Caribe,neutral1,positive2,False,positive,neutral,False
"Sater told Cohen that ""Putin is there on the 17th very strong chance you will meet him as well.""",Sater,Cohen,neutral1,neutral2,False,neutral,neutral,True
"At the same time that he sent the GenBank letter to Cohen, Sater told Cohen that the planned meetings would be held with senior Russian government officials.",Sater,Cohen,neutral1,neutral2,False,neutral,neutral,True
"According to Beniaminov, attendees at the dinner included Aras Agalarov, Donald Trump, Aras Agalarov's wife and daughter, Emin Agalarov, Emin Agalarov's friends Murad and Timur Beniaminov, Roman Beniaminov (no relation), Rob Goldstone, Goldstone and Agalarov's associate Murtaza Akbar, Trump Organization employees Keith Schiller and Michael Cohen, Miss Universe employee Esther Swan, former-Miss Universe Olivia Culpo, and others.",Timur Beniaminov,Murad,none,neutral2,False,neutral,none,False
"For instance, on October 21, 2016, Manafort sent Kushner an email with an attached memorandum that provided strategy guidance recommending that the Campaign should depict Clinton ""as the failed and corrupt champion of the establishment,"" because ""Wikileaks provides the Trump campaign the ability to make the case in a very credible way -by using the words of Clinton, its campaign officials and DNC members.""",Manafort,Kushner,positive1,positive1,True,positive,positive,True
"According to Gates, Manafort had asked Gates to reach out to Mermoud to offer Manafort's assistance to then Ukrainian Ambassador to the United States Valeriy Chaly in repairing relationships Manafort believed Poroshenko had damaged.",Poroshenko,Manafort,negative1,negative1,True,negative,negative,True
"Akhmetshin also worked with Veselnitskaya through Human Rights Accountability Global Initiative Foundation, which was described previously, and on Human Rights Accountability Global Initiative Foundation's efforts related to countering the Magnitsky Act.",Akhmetshin,Human Rights Accountability Global Initiative Foundation,neutral1,neutral2,False,neutral,neutral,True
"Bolton describes a conversation with Secretary of State Mike Pompeo, whom he says “thought Mulvaney would do essentially whatever Ivanka [Trump] and [Jared] Kushner wanted him to do” as acting chief of staff, “which worried both of us philosophically.”",Mike Pompeo,Mulvaney,neutral1,negative1,False,negative,neutral,False
After the Obama administration added Rosneft Chairman Igor Sechin to its sanctions list in 2014,Obama administration,Rosneft,negative1,negative1,True,negative,negative,True
"""We are clearly operating under a different set of assumptions,"" Newsom said when asked about Trump's desires during a recent briefing.",Newsom,Trump,neutral1,negative1,False,negative,neutral,False
"The Ukraine program was, according to Manafort's memorandum, undertaken ""pursuant to the directives of Mr. Deripaska"" and in support of ""our mutual friend in Ukraine,""",Deripaska,Manafort,positive1,neutral1,False,neutral,positive,False
"Shugart replied, ""No but at least I made Emin aware of the situation tonight at the event.",Shugart,Rhona Graff,none,neutral2,False,neutral,none,False
Kilimnik attended the Russian military's language institute and served in the Russian military until at least 1995.,Kilimnik,Russian military,neutral1,neutral1,True,neutral,neutral,True
Bannon sent the email to an unidentified person with a Breitbart address.,Bannon,Breitbart,neutral1,neutral2,False,neutral,neutral,True
"According to Beniaminov, attendees at the dinner included Aras Agalarov, Donald Trump, Aras Agalarov's wife and daughter, Emin Agalarov, Emin Agalarov's friends Murad and Timur Beniaminov, Roman Beniaminov (no relation), Rob Goldstone, Goldstone and Agalarov's associate Murtaza Akbar, Trump Organization employees Keith Schiller and Michael Cohen, Miss Universe employee Esther Swan, former-Miss Universe Olivia Culpo, and others.",Murtaza Akbar,Esther Swan,none,neutral2,False,neutral,none,False
Donald Trump had invited James Comey to dinner and decided James Comey's job security was on the menu.,Donald Trump,James Comey,negative1,positive1,False,positive,negative,False
The GRU was also in contact through the Guccifer 2.0 persona with [] a former Trump Campaign member,GRU,Trump Campaign,neutral1,neutral2,False,neutral,neutral,True
"Zemlyanski was involved in Ukraine with Klyushin and Rykov, and was removed from Twitter after he made an online death threat toward a U.S. official in Moscow.",Zemlyanski,Klyushin,neutral2,neutral1,False,neutral,neutral,True
"According to Beniaminov, attendees at the dinner included Aras Agalarov, Donald Trump, Aras Agalarov's wife and daughter, Emin Agalarov, Emin Agalarov's friends Murad and Timur Beniaminov, Roman Beniaminov (no relation), Rob Goldstone, Goldstone and Agalarov's associate Murtaza Akbar, Trump Organization employees Keith Schiller and Michael Cohen, Miss Universe employee Esther Swan, former-Miss Universe Olivia Culpo, and others.",Murad,Murtaza Akbar,neutral2,neutral2,True,neutral,neutral,True
"Open source information also suggests that, in 2004, Kilimnik began working in Ukraine for Deripaska in support of Yanukovych' s election.",Kilimnik,Yanukovych,positive1,positive1,True,positive,positive,True
Cohen and Sater continued negotiations through the spring of 2016.,Cohen,Sater,neutral2,neutral2,True,neutral,neutral,True
Kaveladze was in Aras Agalarov's office and overheard Agalarov relay Trump's interest to meet with Putin.,Kaveladze,Aras Agalarov,neutral1,neutral1,True,neutral,neutral,True
"For example, Rozov's associate Stalbek Mishakov has significant ties to Oleg Deripaska, a Russian oligarch who the Committee assesses undertakes a wide variety of Russian government influence operations.",Rozov,Stalbek Mishakov,positive2,neutral1,False,neutral,positive,False
Not sure if this is anything but it seems like it's really wikileaks asking Donald Trump Jr. as I follow them and it is a DM.,wikileaks,Donald Trump Jr.,neutral1,neutral2,False,neutral,neutral,True
IRA employees were aware that Prigozhin was involved in the IRA's U.S. operations,Prigozhin,IRA,neutral2,neutral2,True,neutral,neutral,True
"In particular, Sam Patten told the Committee that Kilimnik mentioned Manafort's belief that ""because or Clinton's high negatives, there was a chance, only because her negatives were so astronomically high, that it was possible to win.""",Sam Patten,Committee,neutral1,neutral2,False,neutral,neutral,True
Sater and Bayrock's projects with the Trump Organization included a development in Ft. Lauderdale and the Trump SoHo development in New York.,Bayrock,the Trump Organization,neutral2,neutral1,False,neutral,neutral,True
“And Michael Cohen loved the Clintons.,Michael Cohen,the Clintons,positive1,positive2,False,positive,positive,True
"He wrote, ""What is the status on a possible meeting between Trump And Mr Putin?",Trump,Putin,neutral1,positive1,False,positive,neutral,False
"On July 13, 2017, @USA_ Gunslinger, a long-running false persona account of the Internet Research Agency (IRA), tweeted about ""Clinton and Clinton Campaign team's collusion with Ukraine Government to interfere in. the US election.""",Ukraine Government,US election,negative1,negative1,True,negative,negative,True
"The subject line of Emin Agalarov's email to Donald Trump Jr. Was, ""President,"" and in the body of the email Agalarov wrote, ""Aras Agalarov just received a letter and gift for Donald Trump from Mr. Putin.""",Aras Agalarov,Donald Trump,positive1,positive2,False,positive,positive,True
"Lavrynovych is a former Ukrainian justice minister who was involved in Manafort's 2011 hiring of U.S. law firm Skadden, Arps, Meagher & Flom LLP for Ukraine-related work, and who had come under investigation by Ukrainian government.",Ukrainian government,Lavrynovych,negative1,neutral1,False,neutral,negative,False
"On the trip, Kilimnik and Lyovochkin secretly met with Manafort.",Kilimnik,Manafort,neutral2,neutral2,True,neutral,neutral,True
"In the spring of 2016, the Trump Campaign's opposition research team primarily focused on Clinton's ""missing"" emails, and financial contributions to the Clinton Foundation.",Trump Campaign,Clinton,negative1,negative1,True,negative,negative,True
"At approximately 4:32 p.m. on October 7 - approximately 32 minutes after the release of the Access Hollywood tape - WikiLeaks released 2,050 emails that the GRU had stolen from John Podesta, repeatedly announcing the leak on Twitter and linking to a searchable archive of the documents.",GRU,John Podesta,negative1,negative1,True,negative,negative,True
"This report provides further evidence of an extensive conspiracy between the TRUMP campaign and the Kremlin, sanctioned at highest levels and involving Russian diplomatic staff based in the US.",TRUMP campaign,KREMLIN,positive2,positive2,True,positive,positive,True
This was the same day that The Washington Post first reported the Russian government's suspected hack of the DNC.,Russian government,DNC,negative1,negative1,True,negative,negative,True
"Later on June 7, Goldstone emailed Trump Jr. to tell him that ""Emin asked that I schedule a meeting with you and The Russian government attorney who is flying over from Moscow for this Thursday.""",Emin,Goldstone,positive1,neutral1,False,neutral,positive,False
"According to Beniaminov, attendees at the dinner included Aras Agalarov, Donald Trump, Aras Agalarov's wife and daughter, Emin Agalarov, Emin Agalarov's friends Murad and Timur Beniaminov, Roman Beniaminov (no relation), Rob Goldstone, Goldstone and Agalarov's associate Murtaza Akbar, Trump Organization employees Keith Schiller and Michael Cohen, Miss Universe employee Esther Swan, former-Miss Universe Olivia Culpo, and others.",Timur Beniaminov,Aras Agalarov,neutral2,neutral2,True,neutral,neutral,True
These sessions were captured as GRU officers monitored DCCC and DNC employees' work on infected computers regularly between April 2016 and June 2016.,GRU,DCCC,negative1,negative1,True,negative,negative,True
"On November 20 Emin Agalarov wrote to Trump Jr. in hopes that Trump Jr. would remind his father to tweet a link to Agalarov's new music video, which featured Donald Trump.",Emin Agalarov,Trump Jr.,positive1,neutral2,False,neutral,positive,False
"On October 2, Andrew Surabian, who ran the Campaign's war room, emailed Stone's Twitter prediction about a Wednesday release to Bannon, Kellyanne Conway, and the Trump Campaign press team.",Andrew Surabian,Bannon,neutral1,neutral2,False,neutral,neutral,True
"Around the time that the DNC announced in mid-June 2016 the Russian government's role in hacking its network, the GRU began disseminating stolen materials through the fictitious online personas ""DCLeaks"" and ""Guccifer 2.0.""",Guccifer 2.0,GRU,positive1,neutral1,False,neutral,positive,False
"At times in his work for the Crocus Group, Kaveladze would travel frequently to Moscow, sometimes for extended periods.",Kaveladze,Crocus Group,positive1,neutral1,False,neutral,positive,False
"However, some in the Campaign were uncertain that WikiLeaks had these materials because Stone had been making representations about WikiLeaks ''for so long"" and there was no other evidence of the emails being released.",Stone,WikiLeaks,neutral1,neutral1,True,neutral,neutral,True
"Grachev, the director of Crocus City Hall, was in touch with Dmitry Peskov and had been involved in the prior transmittal of the letter from Trump to Putin.",Grachev,Putin,positive1,neutral1,False,neutral,positive,False
